<?xml version="1.0" encoding="UTF-8"?>
<!DOCTYPE editor-preferences PUBLIC "-//NetBeans//DTD Editor Preferences 1.0//EN" "http://www.netbeans.org/dtds/EditorPreferences-1_0.dtd">
<editor-preferences>
    <entry javaType="java.lang.String" name="code-template-expand-key" xml:space="preserve">
        <value><![CDATA[TAB]]></value>
    </entry>
    <entry javaType="java.lang.String" name="code-template-on-expand-action" xml:space="preserve">
        <value><![CDATA[FORMAT]]></value>
    </entry>
    <entry javaType="java.lang.Boolean" name="completion-instant-substitution" xml:space="preserve">
        <value><![CDATA[false]]></value>
    </entry>
    <entry javaType="java.lang.Boolean" name="expand-tabs" xml:space="preserve">
        <value><![CDATA[false]]></value>
    </entry>
    <entry javaType="java.lang.String" name="on-save-remove-trailing-whitespace" xml:space="preserve">
        <value><![CDATA[never]]></value>
    </entry>
    <entry javaType="java.lang.Boolean" name="show-deprecated-members" xml:space="preserve">
        <value><![CDATA[false]]></value>
    </entry>
    <entry javaType="java.lang.Integer" name="tab-size" xml:space="preserve">
        <value><![CDATA[4]]></value>
    </entry>
    <entry javaType="java.lang.Boolean" name="text-limit-line-visible" xml:space="preserve">
        <value><![CDATA[false]]></value>
    </entry>
    <entry javaType="java.lang.Integer" name="text-limit-width" xml:space="preserve">
        <value><![CDATA[200]]></value>
    </entry>
    <entry javaType="java.lang.Boolean" name="toolbarVisible" xml:space="preserve">
        <value><![CDATA[false]]></value>
    </entry>
</editor-preferences>
