<?xml version="1.0" encoding="UTF-8"?>
<!DOCTYPE bindings PUBLIC "-//NetBeans//DTD Editor KeyBindings settings 1.1//EN" "http://www.netbeans.org/dtds/EditorKeyBindings-1_1.dtd">
<bindings>
    <bind actionName="format" key="D-T"/>
    <bind actionName="remove-line-begin" key="SD-D"/>
    <bind actionName="selection-match-brace" key="D-J"/>
    <bind actionName="to-lower-case" key="SD-I"/>
    <bind actionName="to-upper-case" key="SD-U"/>
    <bind key="SD-C" remove="true"/>
    <bind key="SO-COMMA" remove="true"/>
    <bind key="D-U$L" remove="true"/>
    <bind key="S-F10" remove="true"/>
    <bind key="D-SLASH" remove="true"/>
    <bind key="SO-F" remove="true"/>
    <bind key="S-SPACE" remove="true"/>
    <bind key="SO-PERIOD" remove="true"/>
    <bind key="D-U$U" remove="true"/>
    <bind key="SD-OPEN_BRACKET" remove="true"/>
    <bind key="D-R" remove="true"/>
    <bind key="D-P" remove="true"/>
</bindings>
