<?xml version="1.0" encoding="UTF-8"?>
<!DOCTYPE fontscolors PUBLIC "-//NetBeans//DTD Editor Fonts and Colors settings 1.1//EN" "http://www.netbeans.org/dtds/EditorFontsColors-1_1.dtd">
<fontscolors>
    <fontcolor foreColor="ff729fcf" name="PHP_VARIABLE"/>
    <fontcolor name="mod-method"/>
    <fontcolor default="uncovered" name="uncovered"/>
    <fontcolor name="mod-private"/>
    <fontcolor default="identifier" foreColor="fff7c0c0" name="PHP_STRING"/>
    <fontcolor name="mod-protected"/>
    <fontcolor name="mod-deprecated" strikeThrough="darkGray"/>
    <fontcolor bgColor="ff435a5f" name="mark-occurrences"/>
    <fontcolor name="mod-abstract"/>
    <fontcolor default="field" name="mod-field"/>
    <fontcolor foreColor="ffad7fa8" name="heredocdelimiter"/>
    <fontcolor foreColor="white" name="phpopenclose">
        <font style="bold"/>
    </fontcolor>
    <fontcolor default="covered" name="covered"/>
    <fontcolor name="mod-public"/>
    <fontcolor name="PHP_CONTENT"/>
    <fontcolor name="mod-constructor"/>
    <fontcolor name="mod-local-variable"/>
    <fontcolor default="constant" foreColor="ff909fcf" name="constant"/>
    <fontcolor name="mod-parameter"/>
    <fontcolor default="keyword" name="keyword"/>
    <fontcolor default="number" foreColor="pink" name="number"/>
    <fontcolor name="mod-static"/>
    <fontcolor default="partial" name="partial"/>
    <fontcolor default="inferred" name="inferred"/>
    <fontcolor default="operator" name="operator"/>
    <fontcolor foreColor="ffad7fa8" name="mod-class"/>
    <fontcolor name="T_INLINE_HTML"/>
    <fontcolor name="mod-unused" waveUnderlined="ffeeeeec"/>
    <fontcolor default="comment" foreColor="ff9999ff" name="htmltag">
        <font style="bold"/>
    </fontcolor>
    <fontcolor default="string" name="string"/>
    <fontcolor name="mod-custom1">
        <font style="bold"/>
    </fontcolor>
    <fontcolor default="comment" name="comment"/>
    <fontcolor default="comment" name="phpdockeyword">
        <font style="bold"/>
    </fontcolor>
    <fontcolor default="identifier" foreColor="ffedd400" name="identifier"/>
    <fontcolor default="separator" name="separator"/>
</fontscolors>
