<?xml version="1.0" encoding="UTF-8"?>
<!DOCTYPE fontscolors PUBLIC "-//NetBeans//DTD Editor Fonts and Colors settings 1.1//EN" "http://www.netbeans.org/dtds/EditorFontsColors-1_1.dtd">
<fontscolors>
    <fontcolor foreColor="white" name="caret-color-insert-mode"/>
    <fontcolor foreColor="magenta" name="code-folding"/>
    <fontcolor foreColor="darkGray" name="text-limit-line-color"/>
    <fontcolor bgColor="ffe0e8f1" foreColor="black" name="block-search"/>
    <fontcolor bgColor="ffdfdfdf" name="readonly-files"/>
    <fontcolor name="nbeditor-bracesMatching-match-multichar"/>
    <fontcolor bgColor="ffdedede" foreColor="darkGray" name="line-number"/>
    <fontcolor bgColor="ff1a1a1a" name="highlight-caret-row"/>
    <fontcolor foreColor="blue" name="hyperlinks" underline="blue"/>
    <fontcolor foreColor="red" name="status-bar-bold"/>
    <fontcolor foreColor="black" name="caret-color-overwrite-mode"/>
    <fontcolor bgColor="ff3d3d3d" name="selection"/>
    <fontcolor name="status-bar"/>
    <fontcolor bgColor="ff3d3d3d" foreColor="black" name="inc-search"/>
    <fontcolor foreColor="ffcc0099" name="synchronized-text-blocks-ext"/>
    <fontcolor bgColor="ffdedede" foreColor="darkGray" name="code-folding-bar"/>
    <fontcolor bgColor="ff3d3d3d" name="highlight-search"/>
    <fontcolor foreColor="ff996600" name="synchronized-text-blocks-ext-slave"/>
    <fontcolor bgColor="ffd83636" name="nbeditor-bracesMatching-mismatch-multichar"/>
    <fontcolor bgColor="ff242424" name="nbeditor-bracesMatching-match"/>
    <fontcolor bgColor="black" name="guarded"/>
    <fontcolor bgColor="red" name="nbeditor-bracesMatching-mismatch"/>
</fontscolors>
