<?xml version="1.0" encoding="UTF-8"?>
<!DOCTYPE fontscolors PUBLIC "-//NetBeans//DTD Editor Fonts and Colors settings 1.1//EN" "http://www.netbeans.org/dtds/EditorFontsColors-1_1.dtd">
<fontscolors>
    <fontcolor name="error" waveUnderlined="red"/>
    <fontcolor name="char"/>
    <fontcolor foreColor="ff96cbfe" name="keyword"/>
    <fontcolor name="whitespace"/>
    <fontcolor default="keyword" name="markup-element"/>
    <fontcolor foreColor="ffff73fd" name="number"/>
    <fontcolor name="url" underline="blue"/>
    <fontcolor name="operator"/>
    <fontcolor default="identifier" foreColor="ffc6c5fe" name="field"/>
    <fontcolor bgColor="black" foreColor="ffededed" name="default">
        <font name="YaHei Consolas Hybrid" size="14"/>
    </fontcolor>
    <fontcolor foreColor="ffa8ff60" name="string"/>
    <fontcolor default="string" name="markup-attribute-value"/>
    <fontcolor default="default" foreColor="ffffd2a7" name="entity-reference"/>
    <fontcolor default="identifier" name="method"/>
    <fontcolor foreColor="ff7c7c7c" name="comment"/>
    <fontcolor foreColor="white" name="identifier"/>
    <fontcolor name="warning" waveUnderlined="yellow"/>
    <fontcolor name="separator"/>
    <fontcolor default="field" name="markup-attribute"/>
</fontscolors>
