<?xml version="1.0" encoding="UTF-8"?>
<!DOCTYPE fontscolors PUBLIC "-//NetBeans//DTD Editor Fonts and Colors settings 1.1//EN" "http://www.netbeans.org/dtds/EditorFontsColors-1_1.dtd">
<fontscolors>
    <fontcolor name="error" waveUnderlined="ffef2929"/>
    <fontcolor foreColor="ffff6ff2" name="char"/>
    <fontcolor foreColor="ff8dcbe2" name="keyword"/>
    <fontcolor name="whitespace"/>
    <fontcolor default="keyword" name="markup-element"/>
    <fontcolor name="number"/>
    <fontcolor name="url" underline="blue"/>
    <fontcolor name="operator"/>
    <fontcolor default="identifier" foreColor="ff73d216" name="field"/>
    <fontcolor bgColor="black" foreColor="ffd3d7cf" name="default">
        <font name="YaHei Consolas Hybrid" size="14" style="plain"/>
    </fontcolor>
    <fontcolor foreColor="ffff6ff2" name="string"/>
    <fontcolor default="string" name="markup-attribute-value"/>
    <fontcolor default="default" name="entity-reference"/>
    <fontcolor default="identifier" name="method"/>
    <fontcolor foreColor="ff888a85" name="comment"/>
    <fontcolor name="identifier"/>
    <fontcolor name="warning" waveUnderlined="cyan"/>
    <fontcolor name="separator"/>
    <fontcolor default="field" name="markup-attribute"/>
</fontscolors>
